date,BAJAJ-AUTO,BEL,BHARTIARTL,M&M,TRENT
2023-10-03 05:30:00,,,,,
2023-10-04 05:30:00,-0.019505825833009305,-0.0025143678160919336,-0.0011347671025613293,-0.009951866788083907,-0.017871885775338714
2023-10-05 05:30:00,-0.0010764584516939069,-0.0017959770114942541,0.0038365935372313142,0.0003577468453233035,-0.005584964304793272
2023-10-06 05:30:00,-0.0003687866917839733,-0.0014367816091952479,0.0008105479304010288,0.007447638870820672,0.006313437909766462
2023-10-09 05:30:00,-0.0018239990431480058,-0.024784482758620552,-0.0008105479304009178,-0.014439963574866765,0.009688698946141772
2023-10-10 05:30:00,0.004196194520029062,0.0053879310344828735,0.024910839727655842,0.0002927019643550466,-0.004030887280850659
2023-10-11 05:30:00,0.009558552362726624,-0.010416666666666519,0.032746136388198455,0.012293482502926611,0.020494390753241776
2023-10-12 05:30:00,0.017970875818557053,-0.007183908045976906,0.027072300875391697,0.0190256276831009,0.008790248166674619
2023-10-13 05:30:00,0.007166422470073375,-0.012571839080459668,0.0312331135847832,0.01629374268245054,0.01248118109853813
2023-10-16 05:30:00,0.012010485502696122,-0.012931034482758341,0.022965524694693373,0.02416417327956233,0.0235782623476275
2023-10-17 05:30:00,0.02487815088359291,-0.004669540229884861,0.03063871176915578,0.025497593339403712,0.00966441649264227
2023-10-18 05:30:00,0.024100708668480575,-0.015445402298850386,0.02977412731006157,0.02435930792246599,-0.004929338060317812
2023-10-19 05:30:00,0.09292427912168955,-0.015804597701149392,0.0190748946287691,0.020911929231169024,0.0007284736049730789
2023-10-20 05:30:00,0.09425988497842086,-0.03591954022988508,0.021506538419971966,0.01356185768179996,-0.011145646156087485
2023-10-23 05:30:00,0.07753491014562064,-0.04669540229885061,0.015130228034150983,0.01804995446858304,-0.032611335049293255
2023-10-25 05:30:00,0.06595301458202485,-0.05747126436781602,-0.0029179725494434816,0.020619227266813533,-0.03197999125831674
2023-10-26 05:30:00,0.04842069591045428,-0.07435344827586188,-0.021398465362585162,-0.02035904774294317,-0.013598173959496807
2023-10-27 05:30:00,0.07118579872220354,-0.050287356321838894,-0.01156381714038679,-0.017301938337453415,0.03059589140886798
2023-10-30 05:30:00,0.05829819892553445,-0.05208333333333315,0.0010266940451746365,-0.025757772863276296,0.029454616094410246
2023-10-31 05:30:00,0.05932482133779815,-0.04274425287356309,-0.011779963255160397,-0.05125536620268045,0.04642805109028214
2023-11-01 05:30:00,0.06536494931674741,-0.048850574712643535,-0.012806657300334812,-0.053857161441395185,0.06728667864601068
2023-11-02 05:30:00,0.060191968423884745,-0.03196839080459746,-0.0015670593321083226,-0.044035384415247125,0.06349861590015071
2023-11-03 05:30:00,0.07026881559668618,-0.023347701149425193,0.005889981627580365,-0.04449069858202226,0.06672818221553123
2023-11-06 05:30:00,0.07782395917431595,-0.011135057471264198,0.015022154976764401,-0.03193703655522384,0.08455150308387172
2023-11-07 05:30:00,0.08024599069062721,-0.008261494252873258,0.012806657300334923,-0.0374983738779765,0.17721334563644353
2023-11-08 05:30:00,0.07598002571539575,0.00862068965517282,0.012374365070787707,-0.0325224404839346,0.191224321305425
2023-11-09 05:30:00,0.0802260562748549,-0.008979885057470938,0.0076191505457687825,0.009529075061791792,0.2034626778689721
2023-11-10 05:30:00,0.0748736656400435,-0.0028735632183902737,0.01102345185345266,-0.008650969168727318,0.20895051235976903
2023-11-12 05:30:00,0.084940545604959,0.002873563218391162,0.013725278288122533,-0.007252504227918122,0.21133019280268117
2023-11-13 05:30:00,0.08148192446849789,0.03017241379310387,0.01048308656651864,0.001853779107583442,0.24280025253751703
2023-11-15 05:30:00,0.10370879805440025,0.027658045977011936,0.02669404517453766,0.004390529465330362,0.23993492302462305
2023-11-16 05:30:00,0.10653948509403977,0.02442528735632221,0.026207716416297044,0.020879406790684785,0.23583118838327466
2023-11-17 05:30:00,0.12260662420636015,0.04956896551724177,0.02377607262509418,0.030668661376348716,0.2512262639017051
2023-11-20 05:30:00,0.12632439274785856,0.03340517241379337,0.03901437371663197,0.009626642383243622,0.27373609829537227
2023-11-21 05:30:00,0.13346091359427392,0.026221264367816355,0.04922727763968382,0.014537530896317596,0.269365256665534
2023-11-22 05:30:00,0.14653789034077813,0.019037356321839338,0.04803847400842898,0.003935215298555228,0.27587295420329316
2023-11-23 05:30:00,0.18116397053693256,0.0010775862068967967,0.055495514968117776,0.0054962924417838455,0.28942256325579185
2023-11-24 05:30:00,0.18217065853342396,0.008261494252873591,0.051712957959580086,0.010277091192922194,0.28682434073138774
2023-11-28 05:30:00,0.19569615963480036,0.015086206896551824,0.06441154220252843,0.018635358397293134,0.2975329027244915
2023-11-29 05:30:00,0.21000907015917525,0.012931034482758674,0.07575921322814172,0.053141667750747024,0.29979117089990814
2023-11-30 05:30:00,0.21411555980822983,0.04813218390804597,0.09661731330379286,0.07177702614804127,0.35350395803992085
2023-12-01 05:30:00,0.20524474478964105,0.059267241379310276,0.09661731330379286,0.057304540132690596,0.36355689378854894
2023-12-04 05:30:00,0.2362726629389298,0.10308908045977017,0.11628660974818938,0.07769611031611712,0.3680005827788848
2023-12-05 05:30:00,0.22399306282331022,0.09195402298850563,0.11434129471522692,0.09668921555873466,0.3961196639308444
2023-12-06 05:30:00,0.21000907015917525,0.12176724137931005,0.10715443639900535,0.10732405359698127,0.3927686853479684
2023-12-07 05:30:00,0.21472355948927913,0.15193965517241348,0.08073057386793447,0.10098217770261408,0.38176873391287547
2023-12-08 05:30:00,0.21115529906607144,0.14044540229885039,0.08100075651140148,0.08530636138935788,0.3798747025399458
2023-12-11 05:30:00,0.22365417775518415,0.15840517241379293,0.0816491948557223,0.07467152335111149,0.3993492302462254
2023-12-12 05:30:00,0.24673823121928717,0.15517241379310343,0.07559710364206196,0.06374398334850984,0.40039337574668665
2023-12-13 05:30:00,0.259077634582223,0.16989942528735602,0.08062250081054789,0.08374528424612926,0.43919673643825075
2023-12-14 05:30:00,0.2628153375394935,0.1781609195402296,0.08635037285204805,0.1080720697281119,0.4495410616288682
2023-12-15 05:30:00,0.25092445853142986,0.21443965517241348,0.0726791310926187,0.1219916742552356,0.45196930697877846
2023-12-18 05:30:00,0.28889952057729884,0.2406609195402294,0.07019345077272243,0.11278782359828221,0.44308192899810717
2023-12-19 05:30:00,0.2795901484117236,0.24317528735632155,0.06824813573976019,0.10534018472746132,0.4573357292020799
2023-12-20 05:30:00,0.2687159246080377,0.2015086206896548,0.04998378904139211,0.07125666710029877,0.4321548249235114
2023-12-21 05:30:00,0.24517337958117635,0.22593390804597657,0.05684642818545349,0.06273578769350796,0.43519013161089926
2023-12-22 05:30:00,0.27024090741460416,0.255747126436781,0.0694369393710148,0.06299596721737943,0.44019231703171435
2023-12-26 05:30:00,0.28867027479591956,0.30711206896551646,0.08056846428185449,0.08120853388838234,0.4423777378466336
2023-12-27 05:30:00,0.33752952785336054,0.29454022988505657,0.10364206203393489,0.09792506829712444,0.46216793744840157
2023-12-28 05:30:00,0.33626369245183163,0.3124999999999991,0.12039338592888771,0.12817093794718293,0.4695740857656274
2023-12-29 05:30:00,0.3549920760697287,0.32327586206896486,0.11553009834648198,0.1248861714583056,0.4836336263416072
2024-01-01 05:30:00,0.33582513530484537,0.3286637931034475,0.09483410785691082,0.10790945752569203,0.45796707299305695
2024-01-02 05:30:00,0.3286387784189999,0.30854885057471204,0.10418242732086846,0.07727331858982645,0.4546160944101809
2024-01-03 05:30:00,0.39271795791844655,0.3099856321839074,0.11877229006808565,0.07665539222063167,0.4852848331795463
2024-01-04 05:30:00,0.3798901613690939,0.34267241379310276,0.13249756835620863,0.0678418108494856,0.48989849934437557
2024-01-05 05:30:00,0.3911232046566777,0.3358477011494245,0.13109261861018018,0.06803694549238903,0.4887815064834171
2024-01-08 05:30:00,0.3921896959004856,0.31896551724137856,0.13374040851615665,0.051222843762195325,0.47858287601379446
2024-01-09 05:30:00,0.41412752045769197,0.32650862068965436,0.1504376958824163,0.060166514895277246,0.5130153950755205
2024-01-10 05:30:00,0.40612385252519,0.3333333333333326,0.14849238084945404,0.06205281644334537,0.5412558884949756
2024-01-11 05:30:00,0.454983105582631,0.32435344827586143,0.14865449043553403,0.05935345388317881,0.5423243164489362
2024-01-12 05:30:00,0.45560107247156645,0.318247126436781,0.1632443531827512,0.05662156888252823,0.559977660142783
2024-01-15 05:30:00,0.4616112988268575,0.35524425287356287,0.19139738463201095,0.06384155066996144,0.5508231751736217
2024-01-16 05:30:00,0.4540063192097976,0.3419540229885054,0.18437263590186936,0.05395472876284546,0.5376135204701102
2024-01-17 05:30:00,0.4284902670214972,0.3336925287356318,0.17286285529017587,0.03922206322362354,0.5287504249429382
2024-01-18 05:30:00,0.412074275633165,0.3520114942528729,0.1748081703231379,0.05193833745284149,0.5306444563158683
2024-01-19 05:30:00,0.4226295487844971,0.37823275862068906,0.21582189560142595,0.07685052686353466,0.5589577970958208
2024-01-20 05:30:00,0.41437670065484355,0.3893678160919536,0.21447098238409112,0.05522310394171859,0.5504832208246344
2024-01-23 05:30:00,0.4145262087731343,0.34410919540229834,0.2514860045390679,0.03759594119942644,0.5366665047836456
2024-01-24 05:30:00,0.4378395080186166,0.35955459770114895,0.2860153463741486,0.05899570703785484,0.5651255402845925
2024-01-25 05:30:00,0.5145172382860366,0.36278735632183845,0.25424186750243116,0.06380902822947698,0.5695206643679298
2024-01-29 05:30:00,0.5048091778050192,0.3714080459770108,0.25597103642062,0.066736047873031,0.5766111407896675
2024-01-30 05:30:00,0.5083176349809104,0.3498563218390798,0.25218847941208233,0.053954728762844795,0.48363362634160745
2024-01-31 05:30:00,0.5284812965343997,0.33548850574712574,0.26521128282719086,0.07424873162481971,0.49917439658103246
2024-02-01 05:30:00,0.5261290354732908,0.3175287356321832,0.2441370366367661,0.07398855210094823,0.5068719343402477
2024-02-02 05:30:00,0.5425649612773953,0.3261494252873556,0.2437047444072189,0.08023286067386337,0.5181632752173297
2024-02-05 05:30:00,0.5266273958675936,0.30423850574712596,0.20344753053063847,0.10807206972811079,0.47013258219610665
2024-02-06 05:30:00,0.5390166352699597,0.3153735632183903,0.22560250729493103,0.123747886041367,0.47394492739546545
2024-02-07 05:30:00,0.5353287683521193,0.30531609195402254,0.22587268993839804,0.11942240145700378,0.7519790199601784
2024-02-08 05:30:00,0.546362467481982,0.3275862068965514,0.23435642494326148,0.09659164823728239,0.8658394444174657
2024-02-09 05:30:00,0.5518643662350844,0.29777298850574674,0.21068842537555366,0.07089892025497457,0.8258219610509465
2024-02-12 05:30:00,0.5608547877483059,0.25466954022988464,0.20901329298605842,0.08003772603095993,0.8464620465251829
2024-02-13 05:30:00,0.5782874343410158,0.26867816091953967,0.20809467199827036,0.07112657733836203,0.8703559807682988
2024-02-14 05:30:00,0.6113586301069458,0.30459770114942475,0.2059332108505345,0.0778262000780523,0.9042300033995456
2024-02-15 05:30:00,0.6192825603763594,0.3358477011494245,0.21117475413379405,0.14807467152334963,0.9196007964644768
2024-02-16 05:30:00,0.6595500802360208,0.3527298850574705,0.21041824273208642,0.19393131260569652,0.954543247049684
2024-02-19 05:30:00,0.6963589789592217,0.3559626436781602,0.23441046147195466,0.20238714713151928,0.965494633577779
2024-02-20 05:30:00,0.6535996571280462,0.3696120689655167,0.23630173997622372,0.20570443606088062,0.9551745908406608
2024-02-21 05:30:00,0.641050942399503,0.35560344827586143,0.2319247811520586,0.20960712891895272,0.8914817153125174
2024-02-22 05:30:00,0.6941163571848592,0.3990660919540223,0.22722360315573287,0.24258488356966157,0.9202564227089527
2024-02-23 05:30:00,0.6818566914850117,0.4748563218390798,0.2166324435318272,0.25533368023936354,0.8871351561361782
2024-02-26 05:30:00,0.6840594444278296,0.46731321839080375,0.19966497352210055,0.2552361129179117,0.8671264144529183
2024-02-27 05:30:00,0.6871492788725069,0.47521551724137834,0.21852372203609605,0.2687654481592281,0.912243213054249
2024-02-28 05:30:00,0.6323595371228632,0.47737068965517127,0.2198746352534311,0.23692597892545697,0.9060754698654774
2024-02-29 05:30:00,0.5766827138713608,0.473419540229884,0.21403869015454413,0.2569272798230764,0.88519255985625
2024-03-01 05:30:00,0.602736995285508,0.4770114942528727,0.21982059872473791,0.2833029790555468,0.8946384342674003
2024-03-02 05:30:00,0.6029861754826593,0.4852729885057463,0.22241435210202098,0.27494471185117586,0.8986936040017501
2024-03-04 05:30:00,0.6360773056643612,0.5057471264367808,0.22500810547930405,0.24954468583322353,0.9036472245155669
2024-03-05 05:30:00,0.6648725692471738,0.5140086206896544,0.26326596779422906,0.26138285416937546,0.8708659122917797
2024-03-06 05:30:00,0.7155159525162182,0.5118534482758612,0.29006808602615375,0.2818069467932858,0.8804331989704257
2024-03-07 05:30:00,0.7699867436135082,0.5459770114942522,0.2965524694693613,0.2342591388057742,0.9193822543829844
2024-03-11 05:30:00,0.7262007993700692,0.5269396551724133,0.2932022046903706,0.23217770261480242,0.944878830557041
2024-03-12 05:30:00,0.699947173798201,0.467313218390804,0.3014697935804602,0.23269806166254536,0.9467728619299709
2024-03-13 05:30:00,0.6714808280756281,0.36709770114942475,0.26310385820814863,0.2057369585013642,0.9154242144626308
2024-03-14 05:30:00,0.6712117134627045,0.4026580459770108,0.29104074354263454,0.2297059971380233,0.9819824195036679
2024-03-15 05:30:00,0.6646632578815668,0.356681034482758,0.31849130011888027,0.17048263301677968,0.973629255499977
2024-03-18 05:30:00,0.6987710432676464,0.36422413793103403,0.32421917216038043,0.2072655132041088,0.9771016463503484
2024-03-19 05:30:00,0.7223733915418247,0.33189655172413746,0.3275154004106777,0.199362560166513,0.9210577436744218
2024-03-20 05:30:00,0.7214564084163075,0.34662356321839005,0.331243920890522,0.19968778457135228,0.9256228449322532
2024-03-21 05:30:00,0.7443809865542337,0.4141522988505739,0.3193558845779747,0.21363991153895978,0.9434947307075916
2024-03-22 05:30:00,0.7831833268546453,0.418821839080459,0.3358910623581539,0.22206322362429876,0.9176339177310484
2024-03-26 05:30:00,0.7862332924677782,0.43247126436781547,0.31103425915919125,0.21240405880057045,0.8851682774027496
2024-03-27 05:30:00,0.8264908451195541,0.43283045977011425,0.3236788068734462,0.2235917783270438,0.8819872759943672
2024-03-28 05:30:00,0.8236302564562563,0.4475574712643673,0.3277855830541443,0.24973982047612653,0.9173425282890593
2024-04-01 05:30:00,0.80249977573782,0.5165229885057465,0.31562736409812997,0.24622739690386175,0.8876208052061589
2024-04-02 05:30:00,0.8491363414366708,0.5876436781609189,0.30579271587593193,0.28265253024586756,0.8900976154630673
2024-04-03 05:30:00,0.8101346569785381,0.5912356321839074,0.3246514643899274,0.2939378170937925,0.905128454179011
2024-04-04 05:30:00,0.8232315681408138,0.582614942528735,0.3042796930725167,0.302653831143487,0.9441503569520673
2024-04-05 05:30:00,0.7959911889882259,0.6127873563218385,0.28715011347671004,0.30954858852608114,0.909863532611336
2024-04-08 05:30:00,0.8001774163003688,0.6059626436781604,0.30195612233870084,0.3516976713932596,0.9094992958088495
2024-04-09 05:30:00,0.7898912577619601,0.6390086206896546,0.30168593969523383,0.3600234161571467,0.8951726482443796
2024-04-10 05:30:00,0.7952037795652271,0.6433189655172407,0.32865016751323894,0.35046181865487,0.952867757758245
2024-04-12 05:30:00,0.8070248881180884,0.6774425287356314,0.3244893548038472,0.34704696240405686,0.968748482346657
2024-04-15 05:30:00,0.7935093542245977,0.6842672413793096,0.3234086242299792,0.33566410823467985,0.9276382885726779
2024-04-16 05:30:00,0.7779804443381244,0.6770833333333326,0.31465470658164896,0.3212566671002972,0.9368656209023365
2024-04-18 05:30:00,0.7983434500493345,0.6605603448275856,0.3679347238733379,0.31712631715883766,0.9848963139235596
2024-04-19 05:30:00,0.7551256366554007,0.6760057471264365,0.39306170971576737,0.35481982567971726,1.0197901996017684
2024-04-22 05:30:00,0.7533813752753411,0.6760057471264365,0.4023019561223382,0.35986080395472686,1.0244767131270955
2024-04-23 05:30:00,0.7533913424832273,0.6835488505747123,0.45071868583162145,0.34161571484323994,1.0194745277062807
2024-04-24 05:30:00,0.7337160741161552,0.6989942528735626,0.4442883389171073,0.3389163522830734,1.0502889611966406
2024-04-25 05:30:00,0.7412512832780125,0.7068965517241372,0.44677401923700355,0.3638935865747346,1.0995337768928182
2024-04-26 05:30:00,0.7889742746364432,0.7165948275862062,0.4330487409488808,0.3301027709119275,1.0906463989121473
2024-04-29 05:30:00,0.7462747560525842,0.6910919540229878,0.440019453150329,0.34125796799791686,1.095138652809481
2024-04-30 05:30:00,0.7748906098934476,0.6792385057471257,0.4290500378255693,0.40259529075061584,1.1416638337137597
2024-05-02 05:30:00,0.8161548505417147,0.686422413793103,0.40932670485247935,0.4213282164693619,1.2566655334855046
2024-05-03 05:30:00,0.8151481625452233,0.6817528735632179,0.380525235058899,0.42643423962533955,1.1969064154242153
2024-05-06 05:30:00,0.8045729549781189,0.6655890804597695,0.3870096185021066,0.4472160790945734,1.1898159390024778
2024-05-07 05:30:00,0.7298886662879098,0.6336206896551719,0.38998162758024346,0.4254585664108217,1.1873391287455695
2024-05-08 05:30:00,0.7441417735649682,0.6637931034482754,0.3926294174862195,0.4195394822427456,1.1847409062211658
2024-05-09 05:30:00,0.7635678617348893,0.6249999999999996,0.37841781043985634,0.43915051385455794,1.1407168180272942
2024-05-10 05:30:00,0.7904693558193512,0.6314655172413788,0.40619258618826226,0.4264667620658238,1.1715312515176541
2024-05-13 05:30:00,0.7925624694754227,0.6145833333333328,0.38976548146546963,0.42074281254065116,1.1687630518187566
2024-05-14 05:30:00,0.8071046257811767,0.6591235632183903,0.38798227601858737,0.4764537530896298,1.2050167548929158
2024-05-15 05:30:00,0.7747909378145867,0.6727729885057467,0.4156489787096067,0.4975282945232189,1.1985333398086557
2024-05-16 05:30:00,0.7685514656779164,0.7090517241379306,0.45369069490975766,0.5427019643554027,1.2323587975329042
2024-05-17 05:30:00,0.7503812457016383,0.7830459770114937,0.45298822003674366,0.6356185768180016,1.2507648972852237
2024-05-18 05:30:00,0.7569895045300925,0.8591954022988504,0.45655463093050774,0.628528684792504,1.2548686319265716
2024-05-21 05:30:00,0.7583550120104823,0.9694683908045971,0.45282611045066323,0.6408546897359151,1.2666699043271352
2024-05-22 05:30:00,0.7553349480210072,1.0373563218390798,0.4567167405165877,0.6398139716404294,1.2567869457530008
2024-05-23 05:30:00,0.7868113905251688,1.0725574712643668,0.48497784502323404,0.6971510342136045,1.2818464377640737
2024-05-24 05:30:00,0.7837713921199221,1.1350574712643668,0.5005944018156256,0.6779953167685675,1.2900296245932705
2024-05-27 05:30:00,0.7938382720848374,1.1153017241379302,0.49610936993407373,0.6580590607519159,1.2738089456558708
2024-05-28 05:30:00,0.7920541418732334,1.0768678160919536,0.4817356533016304,0.6604657213477272,1.2417075421300585
2024-05-29 05:30:00,0.8080913793618958,1.098778735632183,0.48827407327353134,0.6480096266423805,1.2689767374095497
2024-05-30 05:30:00,0.78781807852166,1.0880028735632177,0.48832810980222496,0.6218941069337816,1.2589238016609219
2024-05-31 05:30:00,0.8109918368567375,1.1260775862068955,0.48357289527720604,0.6301873292571845,1.2141469574085781
2024-06-03 05:30:00,0.8609674171974167,1.2891522988505733,0.5034043013076825,0.7132821646936354,1.2641930940702264
2024-06-04 05:30:00,0.8432855904075551,0.8358477011494243,0.4046255268561536,0.6735397424222682,1.2039483269389555
2024-06-05 05:30:00,0.9141524384774053,0.870330459770114,0.45288014697935686,0.7828476648887694,1.3815259093778853
2024-06-06 05:30:00,0.9339273789233382,0.965876436781608,0.4812493245433902,0.756114218810976,1.3692147054538406
2024-06-07 05:30:00,0.9387315731244161,1.0344827586206882,0.540311250405273,0.8586249512163353,1.411053372832793
2024-06-10 05:30:00,0.9402266543073245,1.0359195402298838,0.5411758348643674,0.8261675556133696,1.4134087708222052
2024-06-11 05:30:00,0.9561044164698103,1.0560344827586197,0.5424727115530088,0.8443801222843728,1.3828857267738348
2024-06-12 05:30:00,0.9743543741091767,1.0869252873563209,0.5545228574516361,0.8131585794197962,1.4418678063231525
2024-06-13 05:30:00,0.9781718147295357,1.1616379310344818,0.5408516156922065,0.8613893586574699,1.439828080229228
2024-06-14 05:30:00,0.9858166631781398,1.2241379310344818,0.5426348211390886,0.9049043840249738,1.5474964790442445
2024-06-18 05:30:00,0.9771352251093861,1.2862787356321825,0.543661515184263,0.9265643293872738,1.6019134573357312
2024-06-19 05:30:00,0.930807642855003,1.2219827586206886,0.5047552145250174,0.9083192402757869,1.6015249380797454
2024-06-20 05:30:00,0.920082927169608,1.2406609195402285,0.4926510320976967,0.8675686223494177,1.5919819338545982
2024-06-21 05:30:00,0.9141524384774056,1.1907327586206882,0.5303685291256874,0.847242097046959,1.557597979699871
2024-06-24 05:30:00,0.9426586530315224,1.2252155172413777,0.5344212687776924,0.896578639261087,1.6204409693555455
2024-06-25 05:30:00,0.9256545963779128,1.2248563218390789,0.529179725494433,0.8924157668791435,1.5927832548200689
2024-06-26 05:30:00,0.8887161239521932,1.2043821839080446,0.5773262725602493,0.8547547807987481,1.6049244815696198
2024-06-27 05:30:00,0.8773136381305466,1.1874999999999987,0.5949421809142965,0.8791140887212143,1.588023893934245
2024-06-28 05:30:00,0.8940984162106629,1.197557471264366,0.5606289851939896,0.8646090802653801,1.6612840561410347
2024-07-01 05:30:00,0.9002282490605866,1.2101293103448256,0.5713822544039755,0.8705932093144235,1.678670292846391
2024-07-02 05:30:00,0.8740842627754648,1.1989942528735615,0.5335026477899045,0.8636334070508618,1.688504686513527
2024-07-03 05:30:00,0.878300391711266,1.259339080459768,0.5344753053063855,0.8719591518147485,1.6682045553882783
2024-07-04 05:30:00,0.8859651745756423,1.2798132183908022,0.5379336431427628,0.8881228047352638,1.7183963867709213
2024-07-05 05:30:00,0.9208404349689481,1.3279454022988482,0.5451205014589846,0.873682841160397,1.729299208392018
2024-07-08 05:30:00,0.8996302165874235,1.4037356321839054,0.551010483086565,0.8546572134772956,1.716842309746979
2024-07-09 05:30:00,0.9005671341287129,1.4051724137931005,0.551442775316112,0.9028879927149696,1.7161624010490044
2024-07-10 05:30:00,0.9022316578456842,1.3983477011494223,0.5617097157678574,0.7770261480421454,1.7040940216599507
2024-07-11 05:30:00,0.8871512723140829,1.410201149425284,0.5540365286933953,0.7549434109535544,1.7367539216162422
2024-07-12 05:30:00,0.8799649154282374,1.3929597701149392,0.5489570949962159,0.7587810589306583,1.7445243067359546
2024-07-15 05:30:00,0.9283258080913754,1.3807471264367779,0.5536582729925412,0.7764082216729504,1.7563255791365182
2024-07-16 05:30:00,0.9372962951888246,1.3430316091953984,0.5848913865773246,0.7931247560816923,1.742605992909526
2024-07-18 05:30:00,0.9189267310548257,1.2525143678160884,0.60342591591916,0.8339078964485451,1.5780680879996134
2024-07-19 05:30:00,0.8710542315781038,1.2004310344827553,0.5797579163514521,0.7882789124495861,1.5090330727016679
2024-07-22 05:30:00,0.8757687209082079,1.2435344827586174,0.5837025829460702,0.8243462989462687,1.5303287844203792
2024-07-23 05:30:00,0.8703465598181939,1.165589080459767,0.5840268021182307,0.8351437491869349,1.5563595745714163
2024-07-24 05:30:00,0.8459667693289037,1.155890804597698,0.5726791310926174,0.824834135553528,1.567553785634502
2024-07-25 05:30:00,0.8495649313757694,1.1655890804597666,0.5661407111207164,0.8286717835306323,1.578772279151087
2024-07-26 05:30:00,0.8923541548306027,1.2262931034482722,0.6366583810655992,0.8783660725900835,1.6192754115875885
2024-07-29 05:30:00,0.9052616890430438,1.3085488505747094,0.6009402355992639,0.9077663587875595,1.6795201787188594
2024-07-30 05:30:00,0.9065972948997751,1.2852011494252844,0.5890521992867166,0.9006764667620617,1.7295905978340071
2024-07-31 05:30:00,0.9265018090482269,1.2704741379310316,0.6119636874527168,0.8913750487836567,1.8357049196250812
2024-08-01 05:30:00,0.9397183267051354,1.235272988505744,0.6270398789581744,0.8397294132951698,1.8025836530523067
2024-08-02 05:30:00,0.9169332894776143,1.1763649425287328,0.6143953312439194,0.788506569532974,1.6896459618279853
2024-08-05 05:30:00,0.890789303192492,1.0851293103448247,0.5840268021182307,0.7425198386886915,1.5967170122869234
2024-08-06 05:30:00,0.8792971124998707,1.0635775862068937,0.5600886199070558,0.7125991934434723,1.5354280996551912
2024-08-07 05:30:00,0.9352729519879552,1.1566091954022957,0.5581433048740936,0.7437556914270809,1.6576902530231674
2024-08-08 05:30:00,0.9219368278364135,1.1426005747126404,0.5690046471414663,0.745121633927406,1.7410519158855835
2024-08-09 05:30:00,0.9467850770963488,1.1709770114942497,0.582297633200042,0.7881813451281345,2.047617891311741
2024-08-12 05:30:00,0.9358012140059164,1.1652298850574678,0.5763536150437683,0.7676922076232562,2.0995823417998185
2024-08-13 05:30:00,0.9279769558153634,1.1275143678160884,0.5775424186750229,0.7679523871471279,2.09926666990433
2024-08-14 05:30:00,0.9435258001176092,1.1099137931034448,0.590511185561438,0.7856445947703878,2.126778689718812
2024-08-16 05:30:00,0.9711449331698669,1.1788793103448243,0.6033178428617729,0.8475673214517976,2.1578845126511608
2024-08-19 05:30:00,0.9477219946376381,1.1706178160919505,0.5882956878850087,0.7985885260829935,2.248943713272792
2024-08-20 05:30:00,0.9495260592650141,1.1778017241379275,0.566140711120716,0.8025887862625172,2.2994512165509233
2024-08-21 05:30:00,0.9639386418682494,1.1939655172413755,0.5815951583270274,0.8013529335241276,2.2942547715021155
2024-08-22 05:30:00,0.9763378484785019,1.1874999999999964,0.6063438884686028,0.7776440744113395,2.3945898693604035
2024-08-23 05:30:00,1.0744650101167124,1.1982758620689622,0.6283907921755085,0.7945882659034691,2.374653975037641
2024-08-26 05:30:00,1.0796678926332328,1.203304597701146,0.6357397600778105,0.8167685703135119,2.3634111990675573
2024-08-27 05:30:00,1.093432606723875,1.1616379310344795,0.6456824813573956,0.8087680499544643,2.336360545869558
2024-08-28 05:30:00,1.1243608527943034,1.1548132183908018,0.6819950286393581,0.8199557694809376,2.5171191297168707
2024-08-29 05:30:00,1.154481755025961,1.127873563218388,0.692316005619797,0.793677637569919,2.4824195036666543
2024-08-30 05:30:00,1.171166861027217,1.1501436781609167,0.7173349184048396,0.82476909067256,2.4766402797338682
2024-09-02 05:30:00,1.2179230332207007,1.1329022988505715,0.6982059872473771,0.8062963444776856,2.471516682045558
2024-09-03 05:30:00,1.2014871074165963,1.1346982758620658,0.6865881335782968,0.8114023676336632,2.420329270069452
2024-09-04 05:30:00,1.185549542006795,1.1476293103448243,0.6879930833243253,0.78847404709249,2.467485794764707
2024-09-05 05:30:00,1.1640303401808025,1.0876436781609167,0.6721063438884667,0.771237153636005,2.4809625564567086
2024-09-06 05:30:00,1.1589171625352566,1.0373563218390776,0.6635145358262164,0.754975933394038,2.4498324510708605
2024-09-09 05:30:00,1.1624056852953757,1.0226293103448247,0.6671890197773676,0.7619682580980838,2.465907435287266
2024-09-10 05:30:00,1.1903437689999872,1.052801724137928,0.7052307359775187,0.7497072980356407,2.4665387790782423
2024-09-11 05:30:00,1.2766597892932228,1.0693247126436751,0.7051766994488253,0.726453753089628,2.4718323539410467
2024-09-12 05:30:00,1.337011233043285,1.0955459770114913,0.7796930725170195,0.7828151424482854,2.5017726191054392
2024-09-13 05:30:00,1.339732280796178,1.0829741379310316,0.7664000864584439,0.7816443345908637,2.5127725705405317
2024-09-16 05:30:00,1.3300042858993888,1.086206896551721,0.767480817032312,0.7935475478079836,2.554368413384493
2024-09-17 05:30:00,1.3822224880144303,1.0423850574712614,0.7959040311250387,0.8132236243007638,2.5954786071584715
2024-09-18 05:30:00,1.3452142451335085,1.031968390804595,0.7885010266940433,0.8265903473396603,2.5627215773881837
2024-09-19 05:30:00,1.3658164638339843,0.9590517241379279,0.799254295904029,0.8196305450760986,2.5579379340488604
2024-09-20 05:30:00,1.380508128258029,0.9924568965517213,0.8499405598184351,0.9193768700403233,2.625443154776363
2024-09-23 05:30:00,1.4596975949127353,1.0567528735632155,0.8917648330271242,0.9837387797580286,2.702321402554518
2024-09-24 05:30:00,1.480568928226134,1.0962643678160888,0.8984653625851056,0.9996747755951563,2.701301539507556
2024-09-25 05:30:00,1.4713193593078753,1.0822557471264336,0.9025181022371105,1.0105697931572744,2.6981691030061716
2024-09-26 05:30:00,1.5160521883004896,1.0869252873563187,0.9140819193774972,1.069142708468839,2.8101112136370303
2024-09-27 05:30:00,1.5249728393585085,1.108117816091951,0.8746352534313178,1.07080135293352,2.8044291195182405
2024-09-30 05:30:00,1.4610930040167829,1.0481321839080433,0.8475629525559261,1.0130740210745377,2.678621727939395
2024-10-01 05:30:00,1.4235166302863562,1.0398706896551695,0.8358370258294592,1.0589957070378522,2.6971006750522113
2024-10-03 05:30:00,1.353546830926251,1.0021551724137905,0.8085485788392937,1.0358072069728075,2.6364916711184536
2024-10-04 05:30:00,1.3471578506712896,0.991379310344825,0.7733707986598926,0.9626967607649242,2.5711233062988725
2024-10-07 05:30:00,1.3157910474538745,0.9206178160919518,0.7962282502971991,0.9905034473786873,2.617842746831144
2024-10-08 05:30:00,1.3700226255618992,1.013290229885055,0.7912568896574066,1.0592233641212396,2.9055655383419983
2024-10-09 05:30:00,1.3558691903637015,1.0287356321839054,0.8135739760077794,1.0508650969168687,2.992448156961784
2024-10-10 05:30:00,1.3586400741560247,1.0610632183908018,0.8135739760077794,1.0777286327565982,2.899203535525234
2024-10-11 05:30:00,1.3676005940455882,1.0538793103448247,0.8236247703447512,1.0387342266163615,2.9992958088485313
2024-10-14 05:30:00,1.3720559359706543,1.0524425287356296,0.832486761050468,1.0521009496552587,2.978364333932306
2024-10-15 05:30:00,1.296743713183624,1.0750718390804574,0.8558845779747091,1.0526863535839697,2.9455344568015205
2024-10-16 05:30:00,1.3157711130381031,1.0524425287356296,0.8739327785583038,0.9955769480941816,2.790879510465743
2024-10-17 05:30:00,1.0172532368507596,1.0441810344827562,0.8384848157354357,0.9283205411734063,2.7490408430867905
2024-10-18 05:30:00,1.0061896360972389,1.0628591954022961,0.8457257105803506,0.9280928840900189,2.772546258073921
2024-10-21 05:30:00,1.0932133281503842,1.0280172413793078,0.8291905328001714,0.9501756211786099,2.6941139332718227
2024-10-22 05:30:00,1.066869997707541,0.9515086206896526,0.828866313628011,0.8779758033042766,2.641081054829785
2024-10-23 05:30:00,1.1104067617538287,0.9299568965517215,0.8218956014265626,0.8170287498373847,2.6478558593560346
2024-10-24 05:30:00,1.0537431849216068,0.9493534482758599,0.8139522317086334,0.8383959932353291,2.636540236025453
2024-10-25 05:30:00,1.034526408117293,0.9565373563218369,0.8004971360639777,0.7697736438142286,2.575081346219227
2024-10-28 05:30:00,0.9956841989853371,0.9400143678160897,0.7976332000432276,0.8088981397164012,2.54905055606819
2024-10-29 05:30:00,0.963709396086873,1.0377155172413768,0.7692640224791942,0.7867178353063584,2.598805303287849
2024-10-30 05:30:00,0.9816105014502274,1.0729166666666643,0.7652112828271893,0.761220241966954,2.522145597591185
2024-10-31 05:30:00,0.9608089385920309,1.0466954022988477,0.7427861234194297,0.7747820996487547,2.4618765480064155
2024-11-01 05:30:00,0.9687129344456724,1.0736350574712619,0.7469469361288215,0.8327370885911247,2.471905201301544
2024-11-04 05:30:00,0.8988627415801995,1.0413074712643655,0.7197125256673493,0.8758618446728208,2.430503618085576
2024-11-05 05:30:00,0.9684936558721791,1.0571120689655151,0.7058251377931466,0.8859438012228404,2.3841726968092902
2024-11-06 05:30:00,0.9975281324442566,1.1684626436781587,0.7278720415000524,0.9087745544425623,2.3779078238065217
2024-11-07 05:30:00,0.9648655922016547,1.1576867816091934,0.7030152383010899,0.8806751658644432,2.159390024768107
2024-11-08 05:30:00,0.9755803406791637,1.139008620689653,0.6966389279152694,0.9350201639130966,2.059079209363318
2024-11-11 05:30:00,0.9773644708907676,1.153376436781607,0.6865340970496041,0.9062052816443311,2.1473459278325517
2024-11-12 05:30:00,0.9293922993351855,1.0844109195402276,0.6812385172376514,0.8853583972941297,2.1705842358311926
2024-11-13 05:30:00,0.8842308804034706,1.0226293103448256,0.6756187182535383,0.8205736958501331,2.155869069010737
2024-11-14 05:30:00,0.8903706804612805,1.0183189655172393,0.6756727547822317,0.8259398985299822,2.1387499392938705
2024-11-18 05:30:00,0.8970586769528233,0.9974856321839063,0.6610828920350147,0.8517627162742256,2.0603904618522693
2024-11-19 05:30:00,0.9028795263582794,1.0043103448275845,0.6486544904355334,0.9181410173019344,2.119736778204074
2024-11-21 05:30:00,0.8947662191390306,0.978807471264366,0.6482762347346795,0.9098803174190155,2.1375115341654163
2024-11-22 05:30:00,0.890111533056243,1.0176005747126422,0.6959904895709486,0.9597697411213699,2.2309261327764602
